{"cameraMode":{"drawMode":0,"name":"Shaded","section":"Shading Mode"},"sceneLighting":true,"audioPlay":false,"sceneViewState":{"showFog":true,"showMaterialUpdate":false,"showSkybox":true,"showFlares":true,"showImageEffects":true,"showParticleSystems":true},"in2DMode":false,"pivot":{"x":0.2833442687988281,"y":0.881129264831543,"z":-1.4061260223388672},"rotation":{"x":-0.27479100227355959,"y":0.293079674243927,"z":-0.08835804462432862,"w":-0.9114925861358643},"size":16.760404586791993,"orthographic":false}